id,first_name,last_name,email,gender,phone_number,country
1,Sylvan,Cossey,scossey0@techcrunch.com,Male,4392973298,China
2,Shannon,Bernardo,sbernardo1@reddit.com,Male,2229239491,Philippines
3,Burlie,Larive,blarive2@psu.edu,Male,7876203906,Ireland
4,Lorraine,Durrad,ldurrad3@myspace.com,Female,5232487463,Finland
5,Stanley,Stones,sstones4@wiley.com,Male,6336059346,Canada
6,Walker,Tribell,wtribell5@google.co.jp,Male,5333514033,Sweden
7,Nelson,Cammock,ncammock6@jiathis.com,Male,6088276838,Ireland
8,Giacomo,Brecknell,gbrecknell7@slate.com,Male,2396325148,China
9,Mattie,Dyche,mdyche8@blinklist.com,Male,7533148110,Russia
10,Ada,Ruperto,aruperto9@foxnews.com,Female,5289831582,Poland
11,Isacco,Ling,ilinga@mac.com,Male,5096415202,China
12,Augusto,Dorre,adorreb@smugmug.com,Male,5258096737,China
13,Dimitri,Jury,djuryc@instagram.com,Male,9815483607,China
14,Nancy,Trewman,ntrewmand@gov.uk,Female,3847795617,United Kingdom
15,Cyndi,Kelway,ckelwaye@webeden.co.uk,Female,4948110749,Poland
16,Ansell,Polin,apolinf@mozilla.com,Male,2536015964,Jamaica
17,Bonnie,Claeskens,bclaeskensg@yolasite.com,Female,9466078339,Indonesia
18,Gaylor,Mawford,gmawfordh@hexun.com,Male,9936682348,Pakistan
19,Maryanne,Ramplee,mrampleei@privacy.gov.au,Female,8357985411,Ireland
20,Orsola,Hayworth,ohayworthj@nba.com,Female,6683752165,Nepal
21,Madelon,Burhill,mburhillk@over-blog.com,Female,4204234857,China
22,Kerwinn,Enderle,kenderlel@archive.org,Male,6006912306,Greece
23,Wildon,Sayburn,wsayburnm@com.com,Male,6008840191,China
24,Jonah,Biasi,jbiasin@drupal.org,Male,1966984219,Comoros
25,Susanetta,Cassar,scassaro@usgs.gov,Female,7403814384,China
26,Charin,Bottomley,cbottomleyp@mediafire.com,Female,7206245471,Mexico
27,Kristi,Adamczewski,kadamczewskiq@about.me,Female,2456003871,Indonesia
28,Kienan,Collyns,kcollynsr@zdnet.com,Male,8187743481,Iran
29,Granger,Liell,gliells@arizona.edu,Male,8098810881,China
30,Neddie,Bowe,nbowet@google.cn,Male,6572959504,Brazil
31,Mateo,Gyenes,mgyenesu@e-recht24.de,Male,2395242279,Thailand
32,Dud,Espinosa,despinosav@cdbaby.com,Male,1998708385,China
33,Carney,Boatwright,cboatwrightw@bloglovin.com,Male,4207975074,France
34,Kane,Scothern,kscothernx@omniture.com,Male,1045730332,Macedonia
35,Perry,Brett,pbretty@mysql.com,Male,9952327214,Indonesia
36,Beatrice,MacAlinden,bmacalindenz@lulu.com,Female,4087154446,Indonesia
37,Deane,Bronger,dbronger10@godaddy.com,Female,7322242557,Peru
38,Jeno,Igglesden,jigglesden11@soundcloud.com,Male,5018822864,China
39,Nickola,Allans,nallans12@123-reg.co.uk,Male,6499187457,Russia
40,Porty,Bricksey,pbricksey13@hatena.ne.jp,Male,4701197472,China
41,Jeannie,Barabisch,jbarabisch14@spiegel.de,Female,7425382343,Sweden
42,Alphonse,Bradneck,abradneck15@creativecommons.org,Male,3923806327,Chile
43,Lesli,Lowdes,llowdes16@csmonitor.com,Female,7418253404,Brazil
44,Nels,Trangmar,ntrangmar17@feedburner.com,Male,3719007748,Brazil
45,Delainey,Hurdedge,dhurdedge18@dailymail.co.uk,Male,7415246837,China
46,Billy,Sells,bsells19@mysql.com,Female,5931209658,Indonesia
47,Kellsie,Nouch,knouch1a@merriam-webster.com,Female,5635171600,Belarus
48,Baxy,MacSweeney,bmacsweeney1b@myspace.com,Male,5326657505,Afghanistan
49,Tomas,Rendall,trendall1c@sfgate.com,Male,4132844408,Brazil
50,Delano,Bocke,dbocke1d@blogtalkradio.com,Male,4096598448,El Salvador
51,Codi,Longrigg,clongrigg1e@oakley.com,Female,6881479587,Bhutan
52,Lance,Walcot,lwalcot1f@mlb.com,Male,3909655871,Denmark
53,Thekla,Dudeney,tdudeney1g@indiatimes.com,Female,2423349873,Japan
54,Rozele,Edgeson,redgeson1h@studiopress.com,Female,6031596925,Brazil
55,Harry,Kenworthey,hkenworthey1i@example.com,Male,2915930877,Albania
56,Noel,Shilstone,nshilstone1j@wp.com,Female,6695764042,China
57,Nev,Sawers,nsawers1k@pen.io,Male,3373942792,China
58,Vilma,Briston,vbriston1l@oracle.com,Female,8136693243,China
59,Elizabet,Jahnel,ejahnel1m@github.com,Female,5033102870,Malaysia
60,Symon,Kennan,skennan1n@harvard.edu,Male,1404453266,Thailand
61,Margie,McCard,mmccard1o@usnews.com,Female,1182488387,Brazil
62,Lola,Erie,lerie1p@amazon.de,Female,9265594761,Croatia
63,Hope,Daouze,hdaouze1q@uol.com.br,Female,7212816650,China
64,Kimble,Lennox,klennox1r@google.pl,Male,7226782917,Iran
65,Patricio,Keaveney,pkeaveney1s@slate.com,Male,5635752163,Italy
66,Saunderson,Caines,scaines1t@ftc.gov,Male,5731494696,United Kingdom
67,Abran,Grigoriev,agrigoriev1u@house.gov,Male,7544367740,Bulgaria
68,Moria,Colleton,mcolleton1v@desdev.cn,Female,3355170848,China
69,Krissy,Hullock,khullock1w@gizmodo.com,Female,9265385449,Colombia
70,Silvain,Bayns,sbayns1x@macromedia.com,Male,6635389562,Slovenia
71,Shannon,Hewes,shewes1y@amazonaws.com,Female,3621850686,Iraq
72,Paolo,Eschalette,peschalette1z@mit.edu,Male,2455922855,Serbia
73,Ernesto,Dean,edean20@xing.com,Male,8682708463,Indonesia
74,Ward,Galero,wgalero21@1688.com,Male,2043766339,Poland
75,Mic,Goucher,mgoucher22@digg.com,Male,1278840605,China
76,Addison,Waind,awaind23@homestead.com,Male,7366111490,Gabon
77,Teirtza,Codron,tcodron24@forbes.com,Female,8332648982,Indonesia
78,Toinette,Candie,tcandie25@360.cn,Female,7548375031,United States
79,Humfrid,Backsal,hbacksal26@ihg.com,Male,7705370940,Brazil
80,Damaris,Keinrat,dkeinrat27@ehow.com,Female,9405509569,United Kingdom
81,Gerty,Knowller,gknowller28@usa.gov,Female,7452846316,Mexico
82,Ethelin,Josephi,ejosephi29@vimeo.com,Female,4548230634,Ecuador
83,Othilie,Binnell,obinnell2a@google.ru,Female,5557485732,Japan
84,Marven,Chicotti,mchicotti2b@amazon.de,Male,6449565355,China
85,Drew,Cockarill,dcockarill2c@quantcast.com,Male,9722711379,Honduras
86,Kaye,Duff,kduff2d@icq.com,Female,3808365103,Japan
87,Rosalynd,Sedman,rsedman2e@icq.com,Female,2185558695,Ukraine
88,Ursala,Naisby,unaisby2f@netlog.com,Female,9247050309,Ukraine
89,Hershel,Cazereau,hcazereau2g@paginegialle.it,Male,8319372266,Brazil
90,Kaylil,Shenfish,kshenfish2h@reverbnation.com,Female,7096664895,China
91,Izak,Vinnick,ivinnick2i@tinypic.com,Male,1332972582,France
92,Colby,Styan,cstyan2j@census.gov,Male,5504899490,Netherlands
93,Melisse,Moland,mmoland2k@4shared.com,Female,9386305877,China
94,Tadio,Pallant,tpallant2l@deviantart.com,Male,8107473465,China
95,Henri,Greetham,hgreetham2m@time.com,Male,9905974312,Guatemala
96,Derrek,Wither,dwither2n@samsung.com,Male,7005063391,Philippines
97,Noami,McMarquis,nmcmarquis2o@php.net,Female,5769362450,Philippines
98,Mary,Peyzer,mpeyzer2p@taobao.com,Female,6574382165,China
99,Boycie,Brattell,bbrattell2q@guardian.co.uk,Male,6928549798,China
100,Ingelbert,Kalinke,ikalinke2r@gizmodo.com,Male,4832187901,Russia
101,Odele,Middlemiss,omiddlemiss2s@fotki.com,Female,6618119399,Cuba
102,Freeland,Saintpierre,fsaintpierre2t@uol.com.br,Male,5389671615,Cuba
103,Jecho,Phizackarley,jphizackarley2u@google.es,Male,1106855439,Czech Republic
104,Abramo,Ruse,aruse2v@unc.edu,Male,5519993415,China
105,Averell,Yackiminie,ayackiminie2w@github.io,Male,4586074411,France
106,Antoine,Drexel,adrexel2x@vinaora.com,Male,2778721524,Poland
107,Obie,Dailly,odailly2y@washingtonpost.com,Male,3605211910,Japan
108,Veda,Smalles,vsmalles2z@tmall.com,Female,2265722481,Venezuela
109,Steven,Winn,swinn30@hc360.com,Male,6381617240,Colombia
110,Carey,Huxster,chuxster31@rediff.com,Male,6459563205,Philippines
111,Amaleta,Fendlen,afendlen32@creativecommons.org,Female,7624437971,Russia
112,Shelton,Rigby,srigby33@artisteer.com,Male,9154446950,China
113,Constantin,Van Velden,cvanvelden34@economist.com,Male,9194571616,Ireland
114,Sharlene,Algeo,salgeo35@posterous.com,Female,6056552495,Indonesia
115,Inigo,Davana,idavana36@i2i.jp,Male,8077444423,China
116,Ashlen,Diwell,adiwell37@shutterfly.com,Female,4419783776,Russia
117,Martyn,Goman,mgoman38@cnbc.com,Male,5545568180,China
118,Wells,O'Neill,woneill39@umich.edu,Male,8961160075,Colombia
119,Swen,Leall,sleall3a@foxnews.com,Male,2485057741,Poland
120,Germain,Vest,gvest3b@nymag.com,Female,7848768836,Russia
121,Quentin,Dobbson,qdobbson3c@opensource.org,Male,1236493702,Russia
122,Gabi,Oland,goland3d@tripadvisor.com,Female,4509263042,Portugal
123,Osmund,McVee,omcvee3e@hexun.com,Male,3121375983,France
124,Brendon,Ruperti,bruperti3f@intel.com,Male,2779756757,Russia
125,Jennilee,Kellard,jkellard3g@sakura.ne.jp,Female,1797799005,Indonesia
126,Phylis,Ollive,pollive3h@mozilla.org,Female,8936749760,Brazil
127,Kevan,Aberdein,kaberdein3i@whitehouse.gov,Male,7084481794,China
128,Brucie,Alban,balban3j@tumblr.com,Male,2933435983,Indonesia
129,Georges,Pither,gpither3k@gmpg.org,Male,4378869305,Egypt
130,Carin,Riatt,criatt3l@mtv.com,Female,2934502823,Venezuela
131,Charmian,Shrimptone,cshrimptone3m@eventbrite.com,Female,1121115281,Costa Rica
132,Hagan,Humble,hhumble3n@mit.edu,Male,5116441921,Russia
133,Henri,Lumly,hlumly3o@foxnews.com,Male,3634747180,Greece
134,Charissa,Durston,cdurston3p@army.mil,Female,9945414529,Indonesia
135,Hanna,McKeowon,hmckeowon3q@timesonline.co.uk,Female,9722541366,Argentina
136,Layla,Trodd,ltrodd3r@craigslist.org,Female,8011532801,United States
137,Renate,Gaudin,rgaudin3s@booking.com,Female,7425752230,Georgia
138,Berget,Husbands,bhusbands3t@weibo.com,Female,1133311081,China
139,Karie,Dunstone,kdunstone3u@imgur.com,Female,6858144627,China
140,Adan,Mattersley,amattersley3v@google.com.hk,Male,2617532757,Poland
141,Dennet,Rendle,drendle3w@creativecommons.org,Male,2906611731,Colombia
142,Dannie,Garling,dgarling3x@netvibes.com,Male,5503685888,Colombia
143,Penelope,Dincke,pdincke3y@google.es,Female,2408148463,Australia
144,Gwennie,Sutch,gsutch3z@paypal.com,Female,5038681345,Brazil
145,Isaac,Darycott,idarycott40@wordpress.org,Male,3558200350,Guatemala
146,Hugo,Capner,hcapner41@tiny.cc,Male,3378869035,Bulgaria
147,Kelley,Santos,ksantos42@hatena.ne.jp,Female,2471844229,Indonesia
148,Shelly,Crenage,screnage43@tripadvisor.com,Female,7172064198,China
149,Kaela,Trencher,ktrencher44@etsy.com,Female,2493328381,Costa Rica
150,Jefferey,Godmar,jgodmar45@imdb.com,Male,3273030795,Philippines
151,Carroll,Bibey,cbibey46@wufoo.com,Male,2197448065,United Arab Emirates
152,Darla,Taunton,dtaunton47@cyberchimps.com,Female,9516594455,Colombia
153,Garv,Brereton,gbrereton48@salon.com,Male,4684579590,Vietnam
154,Tadeo,Rowthorne,trowthorne49@stanford.edu,Male,9785066682,Brazil
155,Theodoric,Striker,tstriker4a@yellowbook.com,Male,8015799303,China
156,Lambert,Bim,lbim4b@wufoo.com,Male,9036045280,Indonesia
157,Florian,Gauntlett,fgauntlett4c@springer.com,Male,3626707300,Togo
158,Raynor,Calleja,rcalleja4d@gizmodo.com,Male,2179130885,Czech Republic
159,Donnamarie,Ludmann,dludmann4e@businessinsider.com,Female,5183842749,China
160,Lora,Klammt,lklammt4f@sciencedirect.com,Female,7469331404,China
161,Robyn,Nodin,rnodin4g@senate.gov,Female,9323237155,China
162,Kiah,Mallabone,kmallabone4h@smh.com.au,Female,2006583416,Indonesia
163,Sawyer,Eronie,seronie4i@furl.net,Male,5102497222,Finland
164,Salli,Dundridge,sdundridge4j@addthis.com,Female,6292639198,China
165,Oates,Quayle,oquayle4k@bloglines.com,Male,9945682746,Ukraine
166,Yasmeen,Moreinu,ymoreinu4l@state.tx.us,Female,4218807747,Poland
167,Reade,Ramalhete,rramalhete4m@rambler.ru,Male,5251620989,Bahamas
168,Raquela,Edgeson,redgeson4n@infoseek.co.jp,Female,3593970070,Sweden
169,Brig,Schimek,bschimek4o@creativecommons.org,Male,3015551797,Philippines
170,Tansy,Hardingham,thardingham4p@dailymail.co.uk,Female,6839163314,China
171,Carlen,Kentish,ckentish4q@umn.edu,Female,1893228806,Ethiopia
172,Esmeralda,Leetham,eleetham4r@irs.gov,Female,4994753971,Italy
173,Haily,Pleager,hpleager4s@comcast.net,Female,7416147737,Russia
174,Brigid,Buckett,bbuckett4t@bing.com,Female,1301710212,Indonesia
175,Rolando,Mart,rmart4u@ifeng.com,Male,4439543924,Bangladesh
176,Chadwick,Plover,cplover4v@state.tx.us,Male,8707076100,Poland
177,Sorcha,Goldhawk,sgoldhawk4w@domainmarket.com,Female,2689074048,China
178,Nikolaus,Deverale,ndeverale4x@simplemachines.org,Male,5588433195,Russia
179,Laura,Leinster,lleinster4y@homestead.com,Female,5642556505,United Kingdom
180,Sunny,Benstead,sbenstead4z@ifeng.com,Male,6762844526,Burundi
181,Norman,Eddicott,neddicott50@altervista.org,Male,9185116809,Philippines
182,Brynne,Mulvy,bmulvy51@vimeo.com,Female,2532195514,United States
183,Sisely,Wishkar,swishkar52@sun.com,Female,9503008074,Sweden
184,Dacia,Penhaligon,dpenhaligon53@t.co,Female,7037656409,Sweden
185,Amitie,Anthes,aanthes54@squarespace.com,Female,3935636028,Jamaica
186,Tammie,Paulsson,tpaulsson55@discovery.com,Male,4218695055,Indonesia
187,Johan,Marjanski,jmarjanski56@joomla.org,Male,9911488840,Argentina
188,Buddy,O'Cleary,bocleary57@scribd.com,Male,3986342886,Indonesia
189,Porter,Pettegre,ppettegre58@amazon.co.uk,Male,7197065637,Nigeria
190,Issi,Ewell,iewell59@walmart.com,Female,6417803924,Indonesia
191,Ram,Mayoh,rmayoh5a@pbs.org,Male,2843902550,Philippines
192,Ferdinande,Temperton,ftemperton5b@t-online.de,Female,6521698639,Sweden
193,Norbie,Elby,nelby5c@yandex.ru,Male,3363309206,Colombia
194,Tedda,Tamblyn,ttamblyn5d@phoca.cz,Female,2817845042,United States
195,Kyle,Burleton,kburleton5e@posterous.com,Female,2849293174,Brazil
196,Ginnifer,Gatlin,ggatlin5f@mozilla.com,Female,4735537855,Ukraine
197,Shanda,Blowes,sblowes5g@si.edu,Female,3917256430,Costa Rica
198,Zane,Burnhams,zburnhams5h@google.es,Male,9728114807,Philippines
199,Melamie,Hoyer,mhoyer5i@cargocollective.com,Female,9213864463,Latvia
200,Emily,Lalor,elalor5j@microsoft.com,Female,7512223300,Kenya
201,Dre,Salters,dsalters5k@sourceforge.net,Female,8698056162,Malaysia
202,Gregorio,Padell,gpadell5l@feedburner.com,Male,1523633406,Indonesia
203,Somerset,Whate,swhate5m@nbcnews.com,Male,5652425553,Czech Republic
204,Haskell,Rawstron,hrawstron5n@abc.net.au,Male,9399351806,China
205,Wald,Simnell,wsimnell5o@independent.co.uk,Male,7161969671,Azerbaijan
206,Hewett,Madigan,hmadigan5p@hp.com,Male,4708445468,Czech Republic
207,Milt,Crayker,mcrayker5q@homestead.com,Male,2237192558,Democratic Republic of the Congo
208,Benjamen,Goody,bgoody5r@google.pl,Male,3129311564,United States
209,Ricky,Baldung,rbaldung5s@miitbeian.gov.cn,Female,8134931749,United States
210,Joel,Turpey,jturpey5t@blinklist.com,Male,7415784789,China
211,Nicola,Sehorsch,nsehorsch5u@webmd.com,Female,3401228341,China
212,Cindra,Thomassen,cthomassen5v@buzzfeed.com,Female,4018520666,Japan
213,Rabi,Matiasek,rmatiasek5w@flickr.com,Male,6502120343,Morocco
214,Arliene,McMenamin,amcmenamin5x@hexun.com,Female,5362516000,China
215,Barbee,Loosley,bloosley5y@printfriendly.com,Female,7821800545,Ukraine
216,Rhianon,McKimm,rmckimm5z@google.de,Female,9767495133,Iran
217,Kati,Killigrew,kkilligrew60@google.es,Female,8791879648,Peru
218,Margarita,Jensen,mjensen61@huffingtonpost.com,Female,3352123587,Panama
219,Jeff,Gethyn,jgethyn62@aboutads.info,Male,5059392591,Ukraine
220,Agneta,Proschke,aproschke63@slate.com,Female,4121069552,Germany
221,Devin,Casley,dcasley64@facebook.com,Male,6647275522,El Salvador
222,Free,Marusic,fmarusic65@wordpress.com,Male,1155479924,France
223,Ernesta,Kiehl,ekiehl66@blinklist.com,Female,2184636441,China
224,Lyle,Cramphorn,lcramphorn67@theglobeandmail.com,Male,5362204868,Ethiopia
225,Dar,Kadd,dkadd68@google.co.jp,Male,7814247640,United States
226,Idette,Gronow,igronow69@printfriendly.com,Female,6566221802,Russia
227,Nanci,Hardie,nhardie6a@123-reg.co.uk,Female,3904377695,France
228,Jacinthe,Hiorn,jhiorn6b@phoca.cz,Female,8718324345,Nigeria
229,Desirae,Assiter,dassiter6c@blog.com,Female,1875427633,Chad
230,Quinn,Henzer,qhenzer6d@51.la,Female,6784833477,United States
231,Linette,Ambrosi,lambrosi6e@answers.com,Female,8987004385,Philippines
232,Vincenty,Staynes,vstaynes6f@naver.com,Male,8646383077,Ecuador
233,Homere,Cowen,hcowen6g@linkedin.com,Male,7972956746,China
234,Anstice,Beale,abeale6h@time.com,Female,9791300360,Portugal
235,Dalt,Zanetello,dzanetello6i@pen.io,Male,2362322923,China
236,Sheila-kathryn,Aldin,saldin6j@imgur.com,Female,7209879897,Portugal
237,Hew,Trower,htrower6k@etsy.com,Male,5465349857,Indonesia
238,Anabal,Bertouloume,abertouloume6l@mediafire.com,Female,7988073614,Russia
239,Dante,Fulks,dfulks6m@storify.com,Male,6886159816,China
240,Dolli,Van Dijk,dvandijk6n@businesswire.com,Female,9169749451,Indonesia
241,Hi,Juara,hjuara6o@arstechnica.com,Male,5325879120,Ukraine
242,Whitaker,Ronayne,wronayne6p@tinyurl.com,Male,2725160083,Micronesia
243,Raddie,Ollerearnshaw,rollerearnshaw6q@tamu.edu,Male,2748272018,Russia
244,Garrik,Dreinan,gdreinan6r@nymag.com,Male,8747927123,China
245,Saidee,Cast,scast6s@jugem.jp,Female,1704849363,Vietnam
246,Ernesto,Woollends,ewoollends6t@eepurl.com,Male,6325725808,Indonesia
247,Aguste,Jankin,ajankin6u@ovh.net,Male,3466507719,Argentina
248,Vannie,French,vfrench6v@umich.edu,Female,4955525070,Poland
249,Tuck,Stuchbury,tstuchbury6w@whitehouse.gov,Male,3601442860,Georgia
250,My,Rawls,mrawls6x@webmd.com,Male,1897900946,Indonesia
251,Zacharie,Kubala,zkubala6y@histats.com,Male,4277909640,Palestinian Territory
252,Larisa,Bavage,lbavage6z@deliciousdays.com,Female,2067076788,Macedonia
253,Merwyn,Chatburn,mchatburn70@tinypic.com,Male,8073864581,Australia
254,Blaire,Havile,bhavile71@hao123.com,Female,9586350616,Cambodia
255,Minor,Khadir,mkhadir72@patch.com,Male,7314953848,Greece
256,Alicia,Gilmartin,agilmartin73@businessinsider.com,Female,3663168503,Philippines
257,Amitie,Willmer,awillmer74@hhs.gov,Female,2723173056,China
258,Ginelle,Bennitt,gbennitt75@craigslist.org,Female,6699392409,France
259,Casar,Mansbridge,cmansbridge76@wired.com,Male,3369514678,France
260,Dominick,Petrishchev,dpetrishchev77@imgur.com,Male,8616896768,Argentina
261,Tomas,Borrow,tborrow78@loc.gov,Male,7706546956,United States
262,Poppy,Ibbitson,pibbitson79@mail.ru,Female,2407870485,Philippines
263,Patty,Belison,pbelison7a@omniture.com,Male,7328562537,Puerto Rico
264,Clayson,Gasquoine,cgasquoine7b@moonfruit.com,Male,4869884759,Albania
265,Edgardo,Otley,eotley7c@wordpress.org,Male,9843003023,Philippines
266,Murry,Larroway,mlarroway7d@clickbank.net,Male,5325605889,Indonesia
267,Olga,Hessentaler,ohessentaler7e@t-online.de,Female,7993430452,Kazakhstan
268,Niko,Knapman,nknapman7f@weibo.com,Male,4829414635,Russia
269,Melvyn,Overington,moverington7g@angelfire.com,Male,2228522064,China
270,Farly,Gay,fgay7h@zdnet.com,Male,7658138386,China
271,Kellsie,Tomich,ktomich7i@mozilla.com,Female,3871695847,Macedonia
272,Patrice,Milella,pmilella7j@mediafire.com,Male,4896130986,Ecuador
273,Mar,Dochon,mdochon7k@simplemachines.org,Male,1627135271,China
274,Winni,Crawley,wcrawley7l@mayoclinic.com,Female,5615522001,Finland
275,Albie,Huckerbe,ahuckerbe7m@networkadvertising.org,Male,4852757331,Colombia
276,Avram,Yatman,ayatman7n@washington.edu,Male,7786291275,Russia
277,Maurise,Axelbey,maxelbey7o@soundcloud.com,Male,4642801359,Philippines
278,Franchot,Millier,fmillier7p@flickr.com,Male,1452185787,Peru
279,Kaylil,Dall,kdall7q@networksolutions.com,Female,1379107829,Georgia
280,Sher,Kuhnt,skuhnt7r@oaic.gov.au,Female,9337886501,Portugal
281,Marya,Hamil,mhamil7s@sina.com.cn,Female,9562426157,China
282,Emlyn,Heeks,eheeks7t@exblog.jp,Male,9763632751,Colombia
283,Daren,Srawley,dsrawley7u@buzzfeed.com,Male,2034192651,Paraguay
284,Christopher,Van Halen,cvanhalen7v@e-recht24.de,Male,9725600796,Philippines
285,Kristoffer,Ungerecht,kungerecht7w@ibm.com,Male,9359904771,China
286,Cristabel,Dohrmann,cdohrmann7x@usatoday.com,Female,1523509232,China
287,Barnabe,Garbert,bgarbert7y@constantcontact.com,Male,8689493420,Greece
288,Davidson,Ridett,dridett7z@sciencedaily.com,Male,4298366279,Russia
289,Regen,Ungaretti,rungaretti80@nytimes.com,Male,3142332175,Greece
290,Jarret,Pattullo,jpattullo81@taobao.com,Male,7984066243,Japan
291,Danny,Gorrissen,dgorrissen82@go.com,Female,6846724039,Philippines
292,Townie,Jiruch,tjiruch83@1und1.de,Male,8356304255,Sweden
293,Joeann,MacKissack,jmackissack84@naver.com,Female,5858650582,Philippines
294,Stanly,Ludford,sludford85@chron.com,Male,9446940495,China
295,Fletcher,Godson,fgodson86@walmart.com,Male,3872520704,Indonesia
296,Nero,Haughton,nhaughton87@columbia.edu,Male,6983682846,Portugal
297,Moore,Pyne,mpyne88@joomla.org,Male,8333421574,Portugal
298,Wakefield,Lembrick,wlembrick89@meetup.com,Male,2505877904,Colombia
299,Evie,Wrigglesworth,ewrigglesworth8a@elpais.com,Female,7699270923,China
300,Bendix,Mylechreest,bmylechreest8b@ibm.com,Male,5094824829,Finland
301,Jenifer,De Bruijne,jdebruijne8c@wikispaces.com,Female,3286473450,Russia
302,Garik,Crutch,gcrutch8d@google.de,Male,4385689369,Poland
303,Alysia,Spafford,aspafford8e@moonfruit.com,Female,5454256279,China
304,Bogart,Ewert,bewert8f@imgur.com,Male,9761164541,China
305,Wandis,Giacomini,wgiacomini8g@purevolume.com,Female,6797310053,Netherlands
306,Ogden,Mullineux,omullineux8h@opera.com,Male,5892027369,Nigeria
307,Torey,Thurber,tthurber8i@shop-pro.jp,Male,3143306772,Indonesia
308,Blondy,Denkin,bdenkin8j@plala.or.jp,Female,5906594699,France
309,Corie,Castanie,ccastanie8k@clickbank.net,Female,7271502816,United States
310,Ladonna,Gowdridge,lgowdridge8l@bloglines.com,Female,7872712479,Poland
311,Cornall,Maton,cmaton8m@1und1.de,Male,5202249044,China
312,Joscelin,Badsworth,jbadsworth8n@mtv.com,Female,2874143412,Russia
313,Reine,Lorenzo,rlorenzo8o@bigcartel.com,Female,3071033505,Thailand
314,Amargo,Brierley,abrierley8p@indiatimes.com,Female,3667974702,Russia
315,Kelcy,Mebs,kmebs8q@meetup.com,Female,2093038804,Germany
316,Wittie,Woolveridge,wwoolveridge8r@sohu.com,Male,8382641799,China
317,Barthel,Ryal,bryal8s@nature.com,Male,5961141969,China
318,Lorant,Howton,lhowton8t@4shared.com,Male,6042112456,Serbia
319,Henrieta,Sigsworth,hsigsworth8u@joomla.org,Female,1887382781,China
320,Chloette,Bryant,cbryant8v@buzzfeed.com,Female,9817782211,Philippines
321,Korie,Weathers,kweathers8w@reverbnation.com,Female,2041288882,Uruguay
322,Fenelia,Pougher,fpougher8x@cdc.gov,Female,6614351798,Poland
323,Job,Selliman,jselliman8y@cmu.edu,Male,5464207471,China
324,Micky,Patterfield,mpatterfield8z@vkontakte.ru,Male,4303036026,Philippines
325,Leonardo,Mengue,lmengue90@zdnet.com,Male,7861105627,Brazil
326,Luciano,Vanyard,lvanyard91@hubpages.com,Male,9224394389,Zambia
327,Lyndy,Dunford,ldunford92@amazon.com,Female,5375457532,Russia
328,Culley,Yarrell,cyarrell93@independent.co.uk,Male,8382443793,Peru
329,Ailyn,Croydon,acroydon94@youtube.com,Female,7717968045,China
330,Elayne,Gozzard,egozzard95@seesaa.net,Female,1687569972,Brazil
331,Anica,Missenden,amissenden96@360.cn,Female,6286022270,China
332,Dianna,Behan,dbehan97@angelfire.com,Female,8818525854,Portugal
333,Clerissa,Klimpke,cklimpke98@engadget.com,Female,7376285217,Colombia
334,Linn,Spawell,lspawell99@latimes.com,Male,8128419697,China
335,Kasey,Seamon,kseamon9a@joomla.org,Female,1441122192,Philippines
336,Meara,Poli,mpoli9b@w3.org,Female,1593113912,Portugal
337,Christopher,Drewell,cdrewell9c@slate.com,Male,6622488626,China
338,Loren,Rennox,lrennox9d@meetup.com,Female,8362947211,China
339,Daren,Bridle,dbridle9e@hubpages.com,Male,7996675899,Tunisia
340,Robb,Silverwood,rsilverwood9f@independent.co.uk,Male,2972970069,Ukraine
341,Glendon,Abbiss,gabbiss9g@xrea.com,Male,8331756054,Nigeria
342,Jessee,Abbets,jabbets9h@joomla.org,Male,1076488106,Egypt
343,Francisco,Tylor,ftylor9i@hatena.ne.jp,Male,2267748604,Philippines
344,Tiebold,Sweynson,tsweynson9j@smugmug.com,Male,4171203099,Canada
345,Blayne,Martyntsev,bmartyntsev9k@vistaprint.com,Male,2444224374,China
346,Edik,Pezey,epezey9l@microsoft.com,Male,7851239807,Poland
347,Durand,Reeday,dreeday9m@hubpages.com,Male,8132444638,Czech Republic
348,Noe,Bore,nbore9n@clickbank.net,Male,3137807734,China
349,Dyan,O'Hannigan,dohannigan9o@mtv.com,Female,3048231321,Russia
350,Doug,Levick,dlevick9p@engadget.com,Male,6982775430,Japan
351,Gualterio,Keane,gkeane9q@answers.com,Male,2342063868,Uganda
352,Aprilette,Bramelt,abramelt9r@rediff.com,Female,3874648574,Colombia
353,Elise,McLurg,emclurg9s@ezinearticles.com,Female,3598922174,Portugal
354,Irene,Attfield,iattfield9t@ucoz.com,Female,4926192136,Japan
355,Bride,McIlhatton,bmcilhatton9u@china.com.cn,Female,1596411779,Mexico
356,Harriett,Frowen,hfrowen9v@army.mil,Female,8011935535,Russia
357,Stefan,Levee,slevee9w@t.co,Male,2783081139,China
358,Dalton,Brindley,dbrindley9x@ycombinator.com,Male,8351816671,Nigeria
359,Gustaf,Kingswood,gkingswood9y@51.la,Male,1917483981,Philippines
360,Seward,Hawse,shawse9z@nps.gov,Male,4262971141,China
361,Stanislas,Greatrex,sgreatrexa0@npr.org,Male,6564152824,Philippines
362,Gearalt,McJarrow,gmcjarrowa1@usatoday.com,Male,9939248082,Indonesia
363,Ainslee,Tabour,ataboura2@baidu.com,Female,7774710453,Vietnam
364,Odille,Flanner,oflannera3@stanford.edu,Female,6047024791,Uganda
365,Ninnette,Catcherside,ncatchersidea4@cisco.com,Female,8554852644,Indonesia
366,Joseph,Nightingale,jnightingalea5@csmonitor.com,Male,1716502523,Pakistan
367,Susanne,Annable,sannablea6@eventbrite.com,Female,3062216181,Canada
368,Marylinda,Fantini,mfantinia7@sakura.ne.jp,Female,5651685744,China
369,Noella,Henriquet,nhenriqueta8@a8.net,Female,5028476787,Indonesia
370,Ynes,Wattinham,ywattinhama9@aboutads.info,Female,1319196510,Tanzania
371,Rog,Puddin,rpuddinaa@ezinearticles.com,Male,2119566516,Poland
372,Ruthe,Grayshan,rgrayshanab@blog.com,Female,7926635260,Philippines
373,Emogene,Stobbart,estobbartac@smh.com.au,Female,8271026567,China
374,Leonelle,Beggan,lbegganad@ow.ly,Female,2096223659,Oman
375,Clerc,Baldam,cbaldamae@zimbio.com,Male,3645614112,Poland
376,Edgar,Alderson,ealdersonaf@slashdot.org,Male,3048275536,Philippines
377,Damaris,Backs,dbacksag@answers.com,Female,2573207706,Ukraine
378,Pollyanna,Grahlmans,pgrahlmansah@nytimes.com,Female,8857422688,Kazakhstan
379,Marietta,Mogie,mmogieai@cocolog-nifty.com,Female,7764047507,China
380,Salomi,Duferie,sduferieaj@ucoz.com,Female,1022423847,Slovenia
381,Shannen,Greer,sgreerak@icio.us,Female,6114414874,Colombia
382,Gustavo,O'Donnelly,godonnellyal@usa.gov,Male,6442571807,Indonesia
383,Darnall,Barkess,dbarkessam@forbes.com,Male,9528178401,Greece
384,Melessa,Roakes,mroakesan@netvibes.com,Female,5639433896,Indonesia
385,Petra,Grogan,pgroganao@imageshack.us,Female,9066414676,Iceland
386,Zenia,Duthy,zduthyap@adobe.com,Female,6217080127,Canada
387,Ebba,Mackrell,emackrellaq@google.ru,Female,9521645154,Peru
388,Brooke,D'Hooghe,bdhooghear@ehow.com,Female,3337070404,China
389,Devina,Claremont,dclaremontas@dailymotion.com,Female,9395634837,Indonesia
390,Valry,Mesias,vmesiasat@people.com.cn,Female,8926657567,China
391,Blair,Gummoe,bgummoeau@jugem.jp,Male,4105422926,Indonesia
392,Jody,Powelee,jpoweleeav@angelfire.com,Male,1918736967,Poland
393,Marta,Brokenbrow,mbrokenbrowaw@dailymotion.com,Female,5321001380,China
394,Charley,Yetts,cyettsax@merriam-webster.com,Male,8886730354,Indonesia
395,Debi,Crapper,dcrapperay@nymag.com,Female,9776709868,Nicaragua
396,Angelico,Elgood,aelgoodaz@telegraph.co.uk,Male,7836495907,Indonesia
397,Ives,Judgkins,ijudgkinsb0@addthis.com,Male,8489034249,Cape Verde
398,Georgiana,Dempster,gdempsterb1@webnode.com,Female,8093415515,Eritrea
399,Orville,Miskelly,omiskellyb2@google.com.au,Male,4315953107,Russia
400,Rudy,Marrow,rmarrowb3@issuu.com,Male,5984624288,Japan
401,Bald,Olivier,bolivierb4@quantcast.com,Male,8122606247,Russia
402,Doris,McGillivray,dmcgillivrayb5@sourceforge.net,Female,6055416255,Argentina
403,Noelani,Ballin,nballinb6@paypal.com,Female,3185260777,Poland
404,Burk,Loxly,bloxlyb7@webmd.com,Male,6471087655,Norway
405,Jozef,Bromilow,jbromilowb8@globo.com,Male,5617816512,Zimbabwe
406,Maxie,Silvester,msilvesterb9@salon.com,Female,5324308872,Ukraine
407,Carrol,Da Costa,cdacostaba@paypal.com,Male,6581959452,Sweden
408,Tedda,Reinmar,treinmarbb@geocities.jp,Female,6593153064,Pakistan
409,Joby,McGuire,jmcguirebc@mapy.cz,Female,4922133989,Brazil
410,Phylys,Wakes,pwakesbd@nsw.gov.au,Female,3061613586,Myanmar
411,Owen,Pendlington,opendlingtonbe@vimeo.com,Male,7652128724,Afghanistan
412,Etienne,Sivewright,esivewrightbf@harvard.edu,Male,5391594690,Brazil
413,Audy,Fawson,afawsonbg@washingtonpost.com,Female,4434016682,Portugal
414,Dorree,Ramiro,dramirobh@constantcontact.com,Female,5099138618,East Timor
415,Tallie,Laydon,tlaydonbi@spiegel.de,Female,7982674890,France
416,Luciano,Restorick,lrestorickbj@ocn.ne.jp,Male,9757767340,Ivory Coast
417,Philly,Bilbey,pbilbeybk@icq.com,Female,6086599516,China
418,Emelina,Capell,ecapellbl@joomla.org,Female,5551131678,Poland
419,Ethelred,Broun,ebrounbm@springer.com,Male,9502134770,Peru
420,Josie,Barthelmes,jbarthelmesbn@lycos.com,Female,3205074838,Argentina
421,Remus,Marrow,rmarrowbo@i2i.jp,Male,6761115594,Thailand
422,Hilliary,Toffetto,htoffettobp@berkeley.edu,Female,3835083536,Chile
423,Brandi,Wasbey,bwasbeybq@cbslocal.com,Female,8796775727,Indonesia
424,Ariella,Meuse,ameusebr@facebook.com,Female,2114319489,Brazil
425,Robina,Blaze,rblazebs@ameblo.jp,Female,5893284815,Kazakhstan
426,Almeria,Varfalameev,avarfalameevbt@netscape.com,Female,2841011762,China
427,Bethany,Lampbrecht,blampbrechtbu@ed.gov,Female,5479536551,Indonesia
428,Janos,Lomasna,jlomasnabv@slate.com,Male,3116961262,Sri Lanka
429,Filberto,Feare,ffearebw@bbb.org,Male,7364194705,Peru
430,Babara,Inde,bindebx@phpbb.com,Female,1247110533,Japan
431,Marcellus,Fairbrace,mfairbraceby@ow.ly,Male,2714559214,Madagascar
432,Osbert,Trelease,otreleasebz@tripod.com,Male,3395195073,China
433,Anatollo,Jaqueminet,ajaqueminetc0@sun.com,Male,8449335903,Mongolia
434,Tedie,Daniaud,tdaniaudc1@ca.gov,Male,9252797952,China
435,Teodora,Vakhrushin,tvakhrushinc2@youtu.be,Female,9992274439,Poland
436,Clementine,Roser,croserc3@reuters.com,Female,9322399511,Bangladesh
437,Vaclav,Milch,vmilchc4@sogou.com,Male,9452388172,Indonesia
438,Dulce,Laneham,dlanehamc5@weather.com,Female,9938500804,China
439,Ivor,Hehl,ihehlc6@fastcompany.com,Male,2345580294,Armenia
440,Ashleigh,Chaikovski,achaikovskic7@flavors.me,Female,9097124515,Kazakhstan
441,Carola,Matantsev,cmatantsevc8@amazon.co.uk,Female,9302208148,China
442,Kelcy,Rickhuss,krickhussc9@google.com.br,Female,7136611011,Indonesia
443,Edy,Gettins,egettinsca@accuweather.com,Female,3548479270,Indonesia
444,Francoise,Geerdts,fgeerdtscb@pagesperso-orange.fr,Female,4916415105,Indonesia
445,Shea,Purton,spurtoncc@slashdot.org,Male,1105153500,China
446,Clementine,Glavin,cglavincd@creativecommons.org,Female,8409131009,Philippines
447,Kippie,Royal,kroyalce@nasa.gov,Male,7371433019,Mexico
448,Gery,Woodruffe,gwoodruffecf@typepad.com,Male,1356211354,Ukraine
449,Rozanne,Sebire,rsebirecg@cloudflare.com,Female,1936609369,Philippines
450,Romonda,Brushfield,rbrushfieldch@indiatimes.com,Female,9417375075,Malaysia
451,Estevan,Dabinett,edabinettci@unesco.org,Male,5388990300,Bosnia and Herzegovina
452,Lula,Didsbury,ldidsburycj@goo.ne.jp,Female,6146319849,Iran
453,Hale,Leggate,hleggateck@npr.org,Male,8458038098,Poland
454,Esra,Brant,ebrantcl@ft.com,Male,3002972505,North Korea
455,Idalia,Wife,iwifecm@businessinsider.com,Female,1433297545,Portugal
456,Karlik,Cheale,kchealecn@answers.com,Male,2282099512,Brazil
457,Caye,Crossley,ccrossleyco@imgur.com,Female,1422629591,Albania
458,Loise,Bickerdyke,lbickerdykecp@shutterfly.com,Female,6472851321,Venezuela
459,Jakob,Angrove,jangrovecq@nifty.com,Male,4715904395,Venezuela
460,Jared,Rudsdell,jrudsdellcr@elegantthemes.com,Male,9538878513,Brazil
461,Rosy,Crosham,rcroshamcs@posterous.com,Female,9226559269,China
462,Adolph,Skelly,askellyct@washington.edu,Male,8044058879,China
463,Pinchas,Ragbourne,pragbournecu@last.fm,Male,6753402007,China
464,Dunc,Bowskill,dbowskillcv@mozilla.com,Male,5291235609,Philippines
465,Judon,Cardiff,jcardiffcw@army.mil,Male,7708980421,United States
466,Humphrey,Pidgeon,hpidgeoncx@wordpress.org,Male,2337353275,Morocco
467,Cari,Broxholme,cbroxholmecy@oracle.com,Female,2563737865,China
468,Cloe,Breache,cbreachecz@yale.edu,Female,8532969167,China
469,Rikki,Baughen,rbaughend0@de.vu,Female,9556911794,South Korea
470,Dana,Ciciura,dciciurad1@photobucket.com,Male,7569310978,Netherlands
471,Leon,Harden,lhardend2@senate.gov,Male,5537136685,Indonesia
472,Budd,Looby,bloobyd3@wikimedia.org,Male,8304771932,Indonesia
473,Caralie,Grimsdike,cgrimsdiked4@salon.com,Female,4573649246,Ukraine
474,Tasha,Wedderburn,twedderburnd5@360.cn,Female,3122703946,Ukraine
475,Ibrahim,Abden,iabdend6@cafepress.com,Male,8256565301,Philippines
476,Merrill,Laurant,mlaurantd7@friendfeed.com,Female,5716859596,Dominican Republic
477,Misty,Rigmond,mrigmondd8@admin.ch,Female,3052229814,Ukraine
478,Clive,Gierth,cgierthd9@rediff.com,Male,1826645423,China
479,Aguste,Matschoss,amatschossda@nps.gov,Male,3749228548,Madagascar
480,Aldis,Alfonsini,aalfonsinidb@hexun.com,Male,5698335999,Portugal
481,Alisun,Ells,aellsdc@etsy.com,Female,2729822708,China
482,Dilan,Bufton,dbuftondd@boston.com,Male,5396641973,Cuba
483,Jewell,Claire,jclairede@howstuffworks.com,Female,2707841494,China
484,Kassie,Iremonger,kiremongerdf@nhs.uk,Female,7787109544,China
485,Hans,Addicott,haddicottdg@digg.com,Male,8104025417,Tunisia
486,Coleen,Dick,cdickdh@shinystat.com,Female,8478855923,France
487,Cthrine,Metzel,cmetzeldi@census.gov,Female,5104751383,Indonesia
488,Mack,Craddy,mcraddydj@nytimes.com,Male,1835222578,Palestinian Territory
489,Arnaldo,Brolechan,abrolechandk@webnode.com,Male,3859949544,Albania
490,Vasili,Gerckens,vgerckensdl@state.gov,Male,3179405954,Tanzania
491,Kent,Davydoch,kdavydochdm@eventbrite.com,Male,8885033907,China
492,Nyssa,Dyke,ndykedn@cloudflare.com,Female,1007285814,Angola
493,Willabella,Clapshaw,wclapshawdo@reverbnation.com,Female,5776678954,China
494,Cece,Warrior,cwarriordp@is.gd,Male,4985121530,China
495,Amalee,Rait,araitdq@wiley.com,Female,9819947038,Albania
496,Jecho,Everitt,jeverittdr@sphinn.com,Male,9782130209,China
497,Penn,Bockmaster,pbockmasterds@seesaa.net,Male,6363289346,Philippines
498,Dominick,Huitson,dhuitsondt@yandex.ru,Male,9356801523,Colombia
499,Esdras,Pallaske,epallaskedu@netlog.com,Male,9616490711,China
500,Dedra,Maly,dmalydv@naver.com,Female,5965711712,France
501,Nahum,Preuvost,npreuvostdw@sbwire.com,Male,3619737737,Japan
502,Ofella,Daldan,odaldandx@senate.gov,Female,1655872423,Indonesia
503,Clarinda,Geraghty,cgeraghtydy@google.com,Female,3069677447,Czech Republic
504,Gareth,Drains,gdrainsdz@sbwire.com,Male,3917876321,Mexico
505,Bernette,Gogarty,bgogartye0@canalblog.com,Female,4003968277,Indonesia
506,Kenneth,MacArte,kmacartee1@virginia.edu,Male,5685775864,Indonesia
507,Leif,Palfery,lpalferye2@usa.gov,Male,8045460389,United States
508,Gardner,Gingedale,ggingedalee3@joomla.org,Male,3233770938,China
509,Tobie,Renfrew,trenfrewe4@springer.com,Male,5577253210,Indonesia
510,Elden,Crinson,ecrinsone5@imageshack.us,Male,2253552106,Brazil
511,Kit,Theurer,ktheurere6@cbc.ca,Male,4614853933,South Korea
512,Maible,Craster,mcrastere7@mlb.com,Female,5276151774,Philippines
513,Virgil,Ralestone,vralestonee8@microsoft.com,Male,1791896724,Brazil
514,Nat,Nudde,nnuddee9@foxnews.com,Male,1203396801,Mongolia
515,Caro,Ajean,cajeanea@omniture.com,Female,5399410890,Poland
516,Andee,Muddle,amuddleeb@instagram.com,Female,7198715015,Peru
517,Sapphira,Pele,speleec@hao123.com,Female,8758186677,China
518,Erik,Hourstan,ehourstaned@g.co,Male,9838922068,Central African Republic
519,Raimund,Shurlock,rshurlockee@yelp.com,Male,6285194031,Zambia
520,Luce,Erbain,lerbainef@weather.com,Female,4855923634,China
521,Pascale,Dobell,pdobelleg@goo.ne.jp,Male,6139522696,Indonesia
522,Alleen,Scripture,ascriptureeh@e-recht24.de,Female,9676818536,Philippines
523,Davida,Ivanisov,divanisovei@miibeian.gov.cn,Female,9354875440,China
524,Alic,Easun,aeasunej@flickr.com,Male,6465149599,Portugal
525,Willard,Walford,wwalfordek@ebay.co.uk,Male,5483805624,Indonesia
526,Eleanora,Benzing,ebenzingel@boston.com,Female,9821890883,Luxembourg
527,Lorilee,Dimitriev,ldimitrievem@sciencedirect.com,Female,1524838648,Portugal
528,Dena,Wilds,dwildsen@ebay.com,Female,5239558415,Vietnam
529,Peg,Burree,pburreeeo@discovery.com,Female,4409089490,Greece
530,Jesse,Menego,jmenegoep@fc2.com,Female,9935900258,China
531,Helyn,Spatari,hspatarieq@nba.com,Female,8416265296,Brazil
532,Faythe,Sussex,fsussexer@msn.com,Female,6142286386,Poland
533,Errol,Maty,ematyes@g.co,Male,8531767090,Russia
534,Blanch,Tunaclift,btunacliftet@google.ca,Female,7745047359,Syria
535,Miran,Tommei,mtommeieu@zimbio.com,Female,7045054141,Philippines
536,Shandie,Casaletto,scasalettoev@chicagotribune.com,Female,1361544186,Philippines
537,Debera,Flury,dfluryew@indiatimes.com,Female,8798889202,Malawi
538,Catharina,Gabitis,cgabitisex@thetimes.co.uk,Female,3384237311,Mozambique
539,Collete,Stove,cstoveey@dagondesign.com,Female,5507847669,Indonesia
540,Jemmie,Oloshin,joloshinez@shareasale.com,Female,1768893652,Brazil
541,Marven,Spencock,mspencockf0@mysql.com,Male,1982393012,France
542,Jenda,Sneesbie,jsneesbief1@imageshack.us,Female,2033104519,Norway
543,Angelia,Arend,aarendf2@slashdot.org,Female,5313080494,Belarus
544,Selig,Nisard,snisardf3@patch.com,Male,9499266543,Norway
545,Alexis,Kissock,akissockf4@naver.com,Female,2667304488,Denmark
546,Durante,Corbally,dcorballyf5@cocolog-nifty.com,Male,8951397503,Nigeria
547,Elsbeth,Mulbery,emulberyf6@goodreads.com,Female,5287522028,Czech Republic
548,Nels,Konert,nkonertf7@cargocollective.com,Male,7746344638,Albania
549,Bogey,Ruprechter,bruprechterf8@addtoany.com,Male,2097584005,Belarus
550,Lyell,D'Alesco,ldalescof9@sakura.ne.jp,Male,8922201564,France
551,Wynn,Gulleford,wgullefordfa@ucoz.ru,Female,3561376149,Costa Rica
552,Jerry,Dumblton,jdumbltonfb@artisteer.com,Male,3747202604,China
553,Dede,Wiggin,dwigginfc@dailymotion.com,Female,6231134853,South Africa
554,Dorian,Gregoriou,dgregorioufd@exblog.jp,Male,7075151536,Indonesia
555,Leisha,Greest,lgreestfe@theatlantic.com,Female,9447537428,Serbia
556,Konstance,Spleving,ksplevingff@loc.gov,Female,8793423646,Serbia
557,Katine,Checketts,kcheckettsfg@home.pl,Female,4103583991,China
558,Allix,Graysmark,agraysmarkfh@ocn.ne.jp,Female,5013090509,United States
559,Filmore,Banister,fbanisterfi@qq.com,Male,6619516918,Poland
560,Aimee,Craighill,acraighillfj@smh.com.au,Female,8233511333,China
561,Claresta,Gianullo,cgianullofk@cdc.gov,Female,2812529337,Yemen
562,Vanya,Clowser,vclowserfl@aboutads.info,Male,4739868200,Russia
563,Roldan,Philipp,rphilippfm@github.io,Male,9373330857,Poland
564,Justinian,Farriar,jfarriarfn@boston.com,Male,4053274269,United States
565,Addy,Ferrucci,aferruccifo@microsoft.com,Male,5633171087,France
566,Eziechiele,Hulkes,ehulkesfp@hhs.gov,Male,3578554984,Portugal
567,Maison,Flook,mflookfq@mayoclinic.com,Male,5554262047,China
568,Land,Brownsword,lbrownswordfr@hexun.com,Male,2811392876,United States
569,Thatch,Pegden,tpegdenfs@ft.com,Male,2811797002,Russia
570,Ernie,Digle,edigleft@princeton.edu,Male,7545252997,Peru
571,Rene,Itscowicz,ritscowiczfu@independent.co.uk,Female,2978717764,Indonesia
572,Judy,Allwood,jallwoodfv@opera.com,Female,2001853974,China
573,Kordula,Pygott,kpygottfw@redcross.org,Female,6049359663,Russia
574,Yankee,Scaplehorn,yscaplehornfx@hhs.gov,Male,7211597825,Indonesia
575,Gusella,Haylor,ghaylorfy@go.com,Female,6188495874,Colombia
576,Gaylor,Canadas,gcanadasfz@qq.com,Male,4257093487,Norway
577,Milty,Muzzlewhite,mmuzzlewhiteg0@uiuc.edu,Male,8776322344,China
578,Mariann,Benninger,mbenningerg1@wsj.com,Female,6222562012,Peru
579,Brina,Southerill,bsoutherillg2@discuz.net,Female,8363525396,Canada
580,Tracee,Tewes,ttewesg3@patch.com,Female,8537786743,Saudi Arabia
581,Davide,Gallear,dgallearg4@mysql.com,Male,6736592682,Russia
582,Randi,Gantzer,rgantzerg5@google.es,Male,9041891085,Indonesia
583,Constantia,Melburg,cmelburgg6@huffingtonpost.com,Female,7364738887,China
584,Carine,Jina,cjinag7@gov.uk,Female,2665932394,Czech Republic
585,Elwira,Arkow,earkowg8@weather.com,Female,5315788208,China
586,Ramsay,Chasteau,rchasteaug9@github.io,Male,1401235384,Poland
587,Rois,Syratt,rsyrattga@livejournal.com,Female,3857579437,Canada
588,Katey,Burree,kburreegb@mac.com,Female,2661986216,Sweden
589,Monah,Scawton,mscawtongc@jalbum.net,Female,7047259475,United States
590,Thorin,Crisford,tcrisfordgd@cdbaby.com,Male,2747516547,Russia
591,Barty,Cutts,bcuttsge@intel.com,Male,2268591762,Brazil
592,Sherlock,Rogerot,srogerotgf@tmall.com,Male,6745328955,Netherlands
593,Addi,Bignal,abignalgg@utexas.edu,Female,9379752816,Philippines
594,Kimball,Crocket,kcrocketgh@walmart.com,Male,6893578834,Bosnia and Herzegovina
595,Stirling,Kerswill,skerswillgi@earthlink.net,Male,7607270495,Slovakia
596,Jermain,Bates,jbatesgj@addtoany.com,Male,1834486278,Sweden
597,Rob,McCord,rmccordgk@example.com,Male,7593818756,Russia
598,Ag,Forsdike,aforsdikegl@foxnews.com,Female,4341545013,Russia
599,Lorelei,Leonard,lleonardgm@time.com,Female,4974017975,Ukraine
600,Adelaide,Rossin,arossingn@nymag.com,Female,6521583951,Indonesia
601,Madalyn,Arthey,martheygo@census.gov,Female,2633481124,Portugal
602,Darren,Pontain,dpontaingp@java.com,Male,7518324052,China
603,Suzette,Blethyn,sblethyngq@tuttocitta.it,Female,9045917809,China
604,Omar,Sheards,osheardsgr@reddit.com,Male,9588659865,Czech Republic
605,Fulton,Adne,fadnegs@virginia.edu,Male,7383240988,Poland
606,Viva,Stow,vstowgt@hatena.ne.jp,Female,6798921660,Canada
607,Coop,Cappell,ccappellgu@toplist.cz,Male,9334416323,Brazil
608,Glad,Huard,ghuardgv@about.me,Female,3312911715,Indonesia
609,Raquela,Tosdevin,rtosdevingw@barnesandnoble.com,Female,4431076848,Serbia
610,Livvie,Howsam,lhowsamgx@chronoengine.com,Female,8573878691,Poland
611,Vic,Slogrove,vslogrovegy@va.gov,Male,8747891512,El Salvador
612,Cristin,Vaudin,cvaudingz@discuz.net,Female,5182468729,Pakistan
613,Maureen,Yesenin,myeseninh0@unblog.fr,Female,4984356124,Thailand
614,Kimbell,Burmaster,kburmasterh1@nature.com,Male,3866511045,Brazil
615,Carver,Jeness,cjenessh2@eventbrite.com,Male,3401870504,Botswana
616,Nanete,Craigg,ncraiggh3@cdc.gov,Female,2973606574,China
617,Juliet,Bedinn,jbedinnh4@histats.com,Female,6704390068,Philippines
618,Adolpho,Portriss,aportrissh5@cnn.com,Male,8935530946,Honduras
619,Leland,Dahlberg,ldahlbergh6@oakley.com,Male,4501681780,China
620,Isidore,Cluderay,icluderayh7@cyberchimps.com,Male,8225662583,Indonesia
621,Gerrard,Bowcher,gbowcherh8@vk.com,Male,4302934750,China
622,Patten,Plunket,pplunketh9@technorati.com,Male,1745597224,Brazil
623,Carena,Fewless,cfewlessha@fotki.com,Female,5829640299,Jordan
624,Heidi,Headley,hheadleyhb@scribd.com,Female,6517003520,China
625,Elisabet,Chaudron,echaudronhc@cam.ac.uk,Female,4256219941,Venezuela
626,Ashlie,Caltun,acaltunhd@gizmodo.com,Female,7234334783,Japan
627,Gert,Burl,gburlhe@digg.com,Female,9035122406,Lithuania
628,Birk,McLucas,bmclucashf@google.com.br,Male,3358177870,Haiti
629,Rozanne,Teather,rteatherhg@stumbleupon.com,Female,6521385185,Poland
630,Fleur,Kleinmann,fkleinmannhh@tumblr.com,Female,3628594366,Indonesia
631,Teresa,Zambon,tzambonhi@dyndns.org,Female,2477045520,Ireland
632,Murvyn,Butteris,mbutterishj@foxnews.com,Male,5543947500,Colombia
633,King,Bamforth,kbamforthhk@domainmarket.com,Male,3479779848,Russia
634,Marjy,Haldane,mhaldanehl@lycos.com,Female,3519011448,China
635,Torin,McRoberts,tmcrobertshm@npr.org,Male,4691988144,Macedonia
636,Kynthia,Salsberg,ksalsberghn@mac.com,Female,1369373616,Vietnam
637,Garland,McIver,gmciverho@sfgate.com,Female,6216172871,Colombia
638,Aviva,Kivelle,akivellehp@psu.edu,Female,4059163625,United States
639,Sharity,Pudsall,spudsallhq@illinois.edu,Female,3341853204,Russia
640,Alexis,Von Helmholtz,avonhelmholtzhr@ucla.edu,Male,1031833930,Russia
641,Reuben,Eakeley,reakeleyhs@mozilla.org,Male,8417537899,Netherlands
642,Fabe,Amort,famortht@princeton.edu,Male,3282714093,France
643,Ansley,Ping,apinghu@uiuc.edu,Female,4974756843,Russia
644,Rosalie,Bernadon,rbernadonhv@meetup.com,Female,4377629048,Japan
645,Archibaldo,Lamminam,alamminamhw@pcworld.com,Male,2446308700,South Korea
646,Emmaline,Smither,esmitherhx@rambler.ru,Female,4019190658,Ukraine
647,Christye,Cozzi,ccozzihy@virginia.edu,Female,5615804796,Mexico
648,Gabby,Francais,gfrancaishz@flavors.me,Male,2358831227,Peru
649,Bronson,Brockbank,bbrockbanki0@privacy.gov.au,Male,2632399918,China
650,Barbabra,Janowicz,bjanowiczi1@yahoo.co.jp,Female,8625728664,China
651,Konstance,McKeowon,kmckeowoni2@disqus.com,Female,8554073404,Azerbaijan
652,Penny,O' Brian,pobriani3@kickstarter.com,Female,3216740322,Czech Republic
653,Darby,Squibbs,dsquibbsi4@redcross.org,Male,4855182135,Venezuela
654,Archie,Hebner,ahebneri5@prweb.com,Male,5954946637,Madagascar
655,Hogan,Ponceford,hponcefordi6@mapquest.com,Male,9474979783,Greece
656,Antonio,Cavee,acaveei7@npr.org,Male,5378924377,Philippines
657,Katti,Aylen,kayleni8@deviantart.com,Female,7495854157,China
658,Eward,Pellman,epellmani9@boston.com,Male,3071909563,Colombia
659,Joell,Shilstone,jshilstoneia@cbc.ca,Female,2715571473,Vietnam
660,Sloane,Gartenfeld,sgartenfeldib@theatlantic.com,Male,3695091219,Afghanistan
661,Estell,Kell,ekellic@edublogs.org,Female,2798684489,France
662,Rockwell,Padilla,rpadillaid@dropbox.com,Male,5987890100,China
663,Arron,Ivanisov,aivanisovie@rakuten.co.jp,Male,1571808691,China
664,Noemi,Haresnaip,nharesnaipif@friendfeed.com,Female,9487931132,Poland
665,Charita,Kenset,ckensetig@youtube.com,Female,5946179647,China
666,Ulrike,Benedict,ubenedictih@sciencedirect.com,Female,4808487227,China
667,Garland,Wrefford,gwreffordii@wisc.edu,Female,7272657453,Portugal
668,Michelle,Girling,mgirlingij@twitter.com,Female,4804285978,France
669,Sharona,Bernardy,sbernardyik@oracle.com,Female,7725321003,Papua New Guinea
670,Adorne,McAdam,amcadamil@xinhuanet.com,Female,8319138973,Jordan
671,Jerrie,Golson,jgolsonim@mysql.com,Male,4426718789,Brazil
672,Thorpe,Turbard,tturbardin@simplemachines.org,Male,2125762950,China
673,Anita,Ker,akerio@reference.com,Female,3948463025,Yemen
674,Caresa,Grundle,cgrundleip@shinystat.com,Female,8528185086,China
675,Kameko,Olohan,kolohaniq@topsy.com,Female,1182871482,Brazil
676,Terra,Udy,tudyir@salon.com,Female,9259894346,Indonesia
677,Giulio,Ridges,gridgesis@redcross.org,Male,2034629655,United States
678,Lydon,Wheelband,lwheelbandit@edublogs.org,Male,8077096221,Russia
679,Isis,Goudman,igoudmaniu@slideshare.net,Female,5118174320,Sweden
680,Sylas,M'Chirrie,smchirrieiv@elpais.com,Male,3383898016,Poland
681,Hagen,Philippeaux,hphilippeauxiw@clickbank.net,Male,8633576603,Brazil
682,Hedvige,Berrigan,hberriganix@opera.com,Female,1672744939,Poland
683,Lilian,O'Mannion,lomannioniy@deliciousdays.com,Female,8017806471,China
684,Richmond,Duffin,rduffiniz@pbs.org,Male,5499660036,Zimbabwe
685,Dore,Breyt,dbreytj0@squarespace.com,Female,9107644539,Indonesia
686,Marcellus,Faircloth,mfairclothj1@opera.com,Male,4414839597,China
687,Cassondra,Duckham,cduckhamj2@sfgate.com,Female,8031923395,Greece
688,Cindy,Bosman,cbosmanj3@weebly.com,Female,6662912360,Belize
689,Eduino,Goodinson,egoodinsonj4@pinterest.com,Male,3711683718,Bangladesh
690,Jarib,Maffini,jmaffinij5@slate.com,Male,1772333928,Mongolia
691,Hattie,Annion,hannionj6@umich.edu,Female,5624749049,China
692,Ware,Westcott,wwestcottj7@utexas.edu,Male,2814161237,Philippines
693,Rhona,Workes,rworkesj8@example.com,Female,3618335088,Russia
694,Sharl,Pailin,spailinj9@ftc.gov,Female,9642664892,China
695,Alonso,Nason,anasonja@nasa.gov,Male,6852261621,China
696,Bernice,Erett,berettjb@va.gov,Female,2279175648,Indonesia
697,Alessandro,Perritt,aperrittjc@creativecommons.org,Male,9782318580,Uganda
698,Chariot,Tolle,ctollejd@blog.com,Male,5231433937,China
699,Glad,Scimone,gscimoneje@cmu.edu,Female,8926140207,Indonesia
700,Bayard,Carpe,bcarpejf@ted.com,Male,1605343995,Portugal
701,Elissa,Jeppensen,ejeppensenjg@123-reg.co.uk,Female,6618948054,Argentina
702,Mae,Hayto,mhaytojh@4shared.com,Female,8207468900,Portugal
703,Shandie,Powys,spowysji@harvard.edu,Female,2597067509,Czech Republic
704,Dode,Baytrop,dbaytropjj@qq.com,Female,2644859791,France
705,Harald,Narramore,hnarramorejk@icio.us,Male,1112515848,Ukraine
706,Margaretha,MacDonagh,mmacdonaghjl@topsy.com,Female,2625920068,Philippines
707,Delphinia,Henze,dhenzejm@cmu.edu,Female,1651617001,Indonesia
708,Saunderson,Umpleby,sumplebyjn@360.cn,Male,3702089484,Russia
709,Brandyn,Cocozza,bcocozzajo@elegantthemes.com,Male,1347985408,Brazil
710,Winni,Scoines,wscoinesjp@narod.ru,Female,8364577482,Poland
711,Dorothea,Lathleiff,dlathleiffjq@tinyurl.com,Female,6027705431,Brazil
712,Inez,Ziemecki,iziemeckijr@npr.org,Female,6339079417,Netherlands
713,Vin,Patterfield,vpatterfieldjs@independent.co.uk,Female,1081016652,Central African Republic
714,Lorrie,Boch,lbochjt@mail.ru,Male,8935838916,Mauritius
715,Jackelyn,Strettell,jstrettellju@nasa.gov,Female,1777946327,Russia
716,Broddy,Minthorpe,bminthorpejv@usnews.com,Male,7974047896,Japan
717,Andrew,Bonifazio,abonifaziojw@weibo.com,Male,4469663733,Indonesia
718,Stormi,Leile,sleilejx@tiny.cc,Female,7044193599,Botswana
719,Arlen,Cino,acinojy@hostgator.com,Female,5989081147,Indonesia
720,Dory,Wewell,dwewelljz@amazon.de,Male,3032058111,Colombia
721,Baldwin,Corradeschi,bcorradeschik0@cmu.edu,Male,1845990215,Russia
722,Tome,Kinch,tkinchk1@wiley.com,Male,6697651478,Samoa
723,Dallas,Boas,dboask2@who.int,Male,3384123565,Poland
724,Ruthe,Canon,rcanonk3@networksolutions.com,Female,6124229913,China
725,Sanderson,Bauer,sbauerk4@chron.com,Male,1833630507,Poland
726,Nikkie,Speak,nspeakk5@posterous.com,Female,5306937762,Moldova
727,Noak,Robbel,nrobbelk6@symantec.com,Male,7381946633,Indonesia
728,Enrichetta,Chessum,echessumk7@angelfire.com,Female,2023665029,Sweden
729,Marj,Whyatt,mwhyattk8@stanford.edu,Female,5497570797,China
730,Courtney,Dulake,cdulakek9@who.int,Male,2196820464,Sweden
731,Aarika,Rockell,arockellka@foxnews.com,Female,4926798587,Morocco
732,Melodie,Bartoszewski,mbartoszewskikb@who.int,Female,7771304572,Brazil
733,Ulrick,Brodnecke,ubrodneckekc@imgur.com,Male,5505043638,Philippines
734,Tymothy,Osinin,tosininkd@jigsy.com,Male,6106787937,Philippines
735,Celine,Prazor,cprazorke@ftc.gov,Female,8593381988,Brazil
736,Glen,Talboy,gtalboykf@hibu.com,Female,1788536433,Russia
737,Rufe,Tittershill,rtittershillkg@w3.org,Male,2369033171,Philippines
738,Pam,Sleet,psleetkh@google.com.au,Female,6158475611,Brazil
739,Golda,Tofanelli,gtofanelliki@cisco.com,Female,8437643814,Japan
740,Julieta,Ciobutaru,jciobutarukj@disqus.com,Female,2353051707,Indonesia
741,Nikolaus,Asker,naskerkk@com.com,Male,6986787442,Russia
742,Findlay,Edridge,fedridgekl@dailymotion.com,Male,1125789533,China
743,Madelaine,Levane,mlevanekm@vkontakte.ru,Female,2233791839,Japan
744,Bent,Vondra,bvondrakn@opera.com,Male,6154854994,Brazil
745,Kathryn,Ormes,kormesko@123-reg.co.uk,Female,4305217482,Pakistan
746,Gerik,Mangenot,gmangenotkp@whitehouse.gov,Male,8175253393,Latvia
747,Ema,Battisson,ebattissonkq@odnoklassniki.ru,Female,4926160644,France
748,Jordana,Rosendall,jrosendallkr@npr.org,Female,7186260027,Poland
749,Celestyna,Satyford,csatyfordks@1688.com,Female,5361327975,Sweden
750,Valery,Bines,vbineskt@newsvine.com,Female,1814689897,Iran
751,Renaldo,Gruby,rgrubyku@mozilla.com,Male,1752261981,Japan
752,Livvy,Mollen,lmollenkv@wp.com,Female,4896760116,Poland
753,Elaina,Linning,elinningkw@ihg.com,Female,9964483577,China
754,Pia,Willcock,pwillcockkx@mit.edu,Female,3868078875,Jordan
755,Laurent,Rosenberg,lrosenbergky@dell.com,Male,4827331444,Indonesia
756,Kerwin,Gerbel,kgerbelkz@google.it,Male,2851833170,Indonesia
757,Olivero,Beniesh,obenieshl0@ifeng.com,Male,1912021555,Argentina
758,Rodney,Joyce,rjoycel1@ow.ly,Male,4759456401,Indonesia
759,Cully,Winchurch,cwinchurchl2@cocolog-nifty.com,Male,8499008551,China
760,Olenolin,Ivashchenko,oivashchenkol3@mapy.cz,Male,9868364370,Peru
761,Eddie,Routledge,eroutledgel4@bloomberg.com,Female,1754229950,China
762,Spike,Toohey,stooheyl5@uol.com.br,Male,9249417268,Indonesia
763,Raul,Tomaschke,rtomaschkel6@dropbox.com,Male,1781242665,Portugal
764,Roda,Vigrass,rvigrassl7@nhs.uk,Female,9668783834,Greece
765,Aaron,Mingasson,amingassonl8@wikipedia.org,Male,4745689103,Indonesia
766,Reidar,Chatelet,rchateletl9@google.cn,Male,1924366016,Argentina
767,Mignon,Paolucci,mpaoluccila@marriott.com,Female,9559365393,China
768,Devinne,Fassbender,dfassbenderlb@wikipedia.org,Female,7712907064,France
769,Wheeler,Ternault,wternaultlc@ox.ac.uk,Male,3096735007,Sweden
770,Emma,Kermit,ekermitld@etsy.com,Female,3048789048,China
771,Donovan,Gisburn,dgisburnle@smugmug.com,Male,9265485292,China
772,Page,Cattroll,pcattrolllf@irs.gov,Male,8114527804,China
773,Debbie,Campione,dcampionelg@networksolutions.com,Female,6733178446,Denmark
774,Lorrayne,Petty,lpettylh@howstuffworks.com,Female,7866038891,Philippines
775,Mano,Beat,mbeatli@vimeo.com,Male,4794494617,Bolivia
776,Bobbie,Buffy,bbuffylj@sbwire.com,Female,6518259749,Czech Republic
777,Alexio,Feetham,afeethamlk@amazonaws.com,Male,6758498258,Russia
778,Hammad,Allston,hallstonll@bizjournals.com,Male,8504829784,Canada
779,Rochester,Pantridge,rpantridgelm@chicagotribune.com,Male,6448939114,Indonesia
780,Bobby,Whitehouse,bwhitehouseln@chron.com,Male,3284274837,China
781,Gawen,Hedley,ghedleylo@jiathis.com,Male,3742899096,Ukraine
782,Creight,Sambrok,csambroklp@xinhuanet.com,Male,6558166739,Argentina
783,Niki,Spadaro,nspadarolq@free.fr,Male,4928332470,Malta
784,Lyssa,Cowmeadow,lcowmeadowlr@wikispaces.com,Female,5484719230,China
785,Lorrie,Nickels,lnickelsls@deliciousdays.com,Male,8287515522,China
786,Elva,Izacenko,eizacenkolt@csmonitor.com,Female,7247682935,France
787,Temple,Wallman,twallmanlu@mit.edu,Male,3296955620,Colombia
788,Katti,Telega,ktelegalv@hostgator.com,Female,9603637188,China
789,Emory,Spoerl,espoerllw@sciencedaily.com,Male,7424076777,Jamaica
790,Randy,Bilfoot,rbilfootlx@dailymail.co.uk,Female,3122363638,Japan
791,Drusi,Swallwell,dswallwellly@engadget.com,Female,4378424853,Indonesia
792,Luke,Bednell,lbednelllz@netscape.com,Male,5503459274,Colombia
793,Sibelle,Toulmin,stoulminm0@discuz.net,Female,6864126531,Thailand
794,Roddie,Bernt,rberntm1@addtoany.com,Male,8745115184,Greece
795,Bethena,Gerold,bgeroldm2@netvibes.com,Female,3299303485,Russia
796,Claudell,Messier,cmessierm3@bbc.co.uk,Male,6956442643,China
797,Ted,Thomason,tthomasonm4@paypal.com,Male,4494957175,Philippines
798,Helaina,Byard,hbyardm5@vkontakte.ru,Female,5159489802,China
799,Orin,Hadrill,ohadrillm6@nyu.edu,Male,9423293928,Philippines
800,Dayna,Keyzor,dkeyzorm7@intel.com,Female,8362912236,Argentina
801,Stanislaw,Tytherton,stythertonm8@1688.com,Male,1959094132,Russia
802,Waylin,Picford,wpicfordm9@sciencedaily.com,Male,6635760989,Argentina
803,Dora,Colthurst,dcolthurstma@mozilla.com,Female,4783373538,Iran
804,Krissie,Linden,klindenmb@sitemeter.com,Female,5543330701,Philippines
805,Kele,Wickersham,kwickershammc@hostgator.com,Male,4881120066,Albania
806,Elvira,Chellenham,echellenhammd@skyrock.com,Female,7488133876,Philippines
807,Wolf,Storkes,wstorkesme@desdev.cn,Male,3966298670,China
808,Shell,Steinham,ssteinhammf@paypal.com,Male,2592827521,Russia
809,Ainslie,McLoughlin,amcloughlinmg@cbsnews.com,Female,7291276870,France
810,Vanessa,Maiklem,vmaiklemmh@google.com.au,Female,9016637419,Indonesia
811,Lexine,Ginglell,lginglellmi@upenn.edu,Female,7797630514,Peru
812,Langston,Ovitz,lovitzmj@ucoz.com,Male,2446495041,Poland
813,Hurleigh,Bullen,hbullenmk@shop-pro.jp,Male,5328052585,Ukraine
814,Ernest,Pusey,epuseyml@cnbc.com,Male,7277423148,China
815,Royall,FitzGeorge,rfitzgeorgemm@unicef.org,Male,4822671087,Azerbaijan
816,Lynette,Nijssen,lnijssenmn@tuttocitta.it,Female,6887653065,Greece
817,Midge,Beverstock,mbeverstockmo@psu.edu,Female,4841642142,Indonesia
818,Laurena,Zima,lzimamp@archive.org,Female,9336089070,Thailand
819,Joyann,Bantham,jbanthammq@usatoday.com,Female,1272885784,Belarus
820,Alva,Scrauniage,ascrauniagemr@netvibes.com,Male,8645866356,China
821,Hamil,Moxham,hmoxhamms@sakura.ne.jp,Male,4505541508,Brazil
822,Nikolas,Tweddle,ntweddlemt@who.int,Male,3712272867,Greece
823,Jeanette,Hazart,jhazartmu@wikia.com,Female,7864599331,Laos
824,Aeriel,Coverlyn,acoverlynmv@github.io,Female,2653457725,Colombia
825,Alix,Marchington,amarchingtonmw@naver.com,Female,8502918531,China
826,Pete,Minster,pminstermx@dot.gov,Male,8174991256,Japan
827,Lorinda,Wickling,lwicklingmy@wikispaces.com,Female,6882967165,Russia
828,Sammy,Ayliffe,sayliffemz@goodreads.com,Female,2413718915,French Polynesia
829,Ethan,Deer,edeern0@twitter.com,Male,8391261307,Afghanistan
830,Sanford,Tomkinson,stomkinsonn1@pagesperso-orange.fr,Male,3655803616,Argentina
831,Theressa,Dammarell,tdammarelln2@cbsnews.com,Female,8507210391,China
832,Jayne,Steinson,jsteinsonn3@cpanel.net,Female,1075767454,Indonesia
833,Vittorio,Billanie,vbillanien4@is.gd,Male,9331010626,China
834,Dianne,Velten,dveltenn5@weibo.com,Female,5756673366,Ukraine
835,Lotta,Pech,lpechn6@soup.io,Female,3044411410,Indonesia
836,Germaine,Lobe,globen7@apache.org,Female,1463537955,Vietnam
837,Emiline,Mokes,emokesn8@unesco.org,Female,6702197902,Nigeria
838,Effie,Hastwall,ehastwalln9@webnode.com,Female,2603484608,United States
839,Ram,Sulter,rsulterna@statcounter.com,Male,8177855295,Portugal
840,Dolley,Kennerknecht,dkennerknechtnb@taobao.com,Female,9126170856,Czech Republic
841,Sib,Denning,sdenningnc@twitpic.com,Female,5953616205,Brazil
842,Jacqueline,Milnes,jmilnesnd@umn.edu,Female,7145799661,Greece
843,Emmie,Thompstone,ethompstonene@epa.gov,Female,1463818097,Poland
844,Pegeen,Elden,peldennf@bbb.org,Female,2198179369,Venezuela
845,Gran,Lanon,glanonng@noaa.gov,Male,5283932583,Armenia
846,Zuzana,Conan,zconannh@xrea.com,Female,6964477843,China
847,Doug,Hiorn,dhiornni@fotki.com,Male,6426583647,China
848,Salomon,Clorley,sclorleynj@vistaprint.com,Male,3639840673,Honduras
849,Park,Ebunoluwa,pebunoluwank@deviantart.com,Male,9767243611,China
850,Ephrayim,Shillabeare,eshillabearenl@newyorker.com,Male,5903989401,Colombia
851,Marje,Stovold,mstovoldnm@redcross.org,Female,9603720313,Indonesia
852,Linell,Crowley,lcrowleynn@furl.net,Female,5969901077,Brazil
853,Fonzie,Courtman,fcourtmanno@wix.com,Male,2021095295,Colombia
854,Redd,Boot,rbootnp@fastcompany.com,Male,9165752098,Philippines
855,Clement,Jeannon,cjeannonnq@newsvine.com,Male,8021192214,Japan
856,Cordelie,Cockman,ccockmannr@quantcast.com,Female,1336748345,South Africa
857,Enos,Simm,esimmns@hp.com,Male,5177683868,Nigeria
858,Dorris,Ashwin,dashwinnt@vimeo.com,Female,7504738591,Japan
859,Kellyann,Calrow,kcalrownu@noaa.gov,Female,5306256991,Philippines
860,Allie,Weedall,aweedallnv@zimbio.com,Female,9503533308,Ukraine
861,Fin,Stather,fstathernw@etsy.com,Male,6592288045,Chile
862,Heall,Mattocks,hmattocksnx@360.cn,Male,2836528564,Mexico
863,Agatha,Piscopiello,apiscopiellony@samsung.com,Female,1772175010,Russia
864,Olivier,Rosenbloom,orosenbloomnz@furl.net,Male,1482786197,Philippines
865,Judy,Adamiak,jadamiako0@icio.us,Female,2477571533,Canada
866,Mortimer,Bendin,mbendino1@usnews.com,Male,2855548513,Palestinian Territory
867,Paige,Goshawke,pgoshawkeo2@canalblog.com,Female,6144972470,China
868,Angele,de Courcy,adecourcyo3@jimdo.com,Female,8051423647,Brazil
869,Devondra,Rotham,drothamo4@unesco.org,Female,7242024051,Peru
870,Yolande,Halsworth,yhalswortho5@ihg.com,Female,3113759449,Croatia
871,Talia,Le Blanc,tleblanco6@cmu.edu,Female,6142780269,United States
872,Jordan,Depport,jdepporto7@businessinsider.com,Male,6552197155,Ukraine
873,Camella,Ivanilov,civanilovo8@patch.com,Female,3646809883,Indonesia
874,Trumann,Fouracre,tfouracreo9@hibu.com,Male,3687498813,Albania
875,Graig,Gleaves,ggleavesoa@mapy.cz,Male,1659977750,Iraq
876,Cherise,Briddock,cbriddockob@wikispaces.com,Female,7042844793,Russia
877,Wolfy,Compson,wcompsonoc@mac.com,Male,3449022877,Mexico
878,Kelbee,Duckerin,kduckerinod@earthlink.net,Male,1363332442,Azerbaijan
879,Yolande,Moncaster,ymoncasteroe@nature.com,Female,8864257000,Philippines
880,Garfield,Edensor,gedensorof@newyorker.com,Male,9993332723,Peru
881,Tracey,Van Vuuren,tvanvuurenog@bravesites.com,Male,2929031538,China
882,Ole,Aldridge,oaldridgeoh@paypal.com,Male,6561212639,Poland
883,Alvy,Rigglesford,arigglesfordoi@yale.edu,Male,2522427636,Albania
884,Beverly,Shears,bshearsoj@odnoklassniki.ru,Female,2785886910,Philippines
885,Clarence,Enrietto,cenriettook@trellian.com,Male,1139418097,Indonesia
886,Les,Groven,lgrovenol@ifeng.com,Male,9438426088,Indonesia
887,Yuri,Leisman,yleismanom@zdnet.com,Male,2769346342,United Kingdom
888,Egon,Brownbridge,ebrownbridgeon@ow.ly,Male,2924478130,Indonesia
889,Ardath,Costigan,acostiganoo@tinypic.com,Female,6872306408,Philippines
890,Elaine,Troth,etrothop@smh.com.au,Female,3179477222,Ivory Coast
891,Karlotta,Mordon,kmordonoq@drupal.org,Female,7394301947,Sweden
892,Warner,Saladine,wsaladineor@opera.com,Male,3278632099,Argentina
893,Gayelord,Rizzini,grizzinios@goo.gl,Male,9189008575,China
894,Orbadiah,Bratchell,obratchellot@sciencedirect.com,Male,5925913783,Indonesia
895,Frederick,Burk,fburkou@sphinn.com,Male,2939004127,Portugal
896,Brigg,Giacopini,bgiacopiniov@ucoz.ru,Male,4908616898,China
897,Lefty,Connett,lconnettow@histats.com,Male,9641339535,Russia
898,Pat,Ronca,proncaox@last.fm,Female,6921890197,China
899,Laurie,Asel,laseloy@cpanel.net,Male,9968371320,Indonesia
900,Vida,Durber,vdurberoz@storify.com,Female,7571661882,United States
901,Aldo,Meffen,ameffenp0@pagesperso-orange.fr,Male,6145174886,Vietnam
902,Kaspar,Di Maria,kdimariap1@toplist.cz,Male,8625261197,Argentina
903,Hamilton,Caudrelier,hcaudrelierp2@thetimes.co.uk,Male,8736132057,Faroe Islands
904,Sarena,Hovel,shovelp3@ox.ac.uk,Female,6258657197,Greece
905,Shane,Ceely,sceelyp4@dmoz.org,Female,6734163223,Poland
906,Tiphany,Altham,talthamp5@dailymotion.com,Female,2561059320,China
907,Dillie,Beentjes,dbeentjesp6@reference.com,Male,3938872386,Sweden
908,Aurel,Pomroy,apomroyp7@purevolume.com,Female,1635909617,Ukraine
909,Tan,Dubble,tdubblep8@merriam-webster.com,Male,8938944407,China
910,Nelle,Mackleden,nmackledenp9@tuttocitta.it,Female,8305822594,Indonesia
911,Alvie,Tender,atenderpa@bravesites.com,Male,7445535657,Sweden
912,Sephira,Boak,sboakpb@topsy.com,Female,3739851216,China
913,Clyve,Dast,cdastpc@shutterfly.com,Male,9963936260,Peru
914,Judye,Rolf,jrolfpd@cafepress.com,Female,3639801909,France
915,Melly,Rubra,mrubrape@amazon.co.uk,Female,6356660115,Portugal
916,Jefferey,Crathorne,jcrathornepf@tumblr.com,Male,8529315815,Latvia
917,Mildred,Ramelot,mramelotpg@constantcontact.com,Female,1863306666,Japan
918,Hartley,Whereat,hwhereatph@yellowbook.com,Male,3111355511,Poland
919,Reggie,Blaxall,rblaxallpi@qq.com,Male,1734745375,Swaziland
920,Susi,Wakely,swakelypj@usatoday.com,Female,1047231095,Czech Republic
921,Constantino,Nottingham,cnottinghampk@twitter.com,Male,8348223452,France
922,Andrej,Bryan,abryanpl@storify.com,Male,1217731988,Indonesia
923,Vivian,Jollands,vjollandspm@e-recht24.de,Female,3173683718,Peru
924,Briney,Exroll,bexrollpn@walmart.com,Female,8093654407,China
925,Leon,Climance,lclimancepo@blog.com,Male,4987498535,Indonesia
926,Lyndel,Milier,lmilierpp@microsoft.com,Female,7782284740,Canada
927,Waverley,Jeduch,wjeduchpq@utexas.edu,Male,7264316657,China
928,Denice,Treend,dtreendpr@paginegialle.it,Female,1817375082,Mongolia
929,Rebeka,Cleal,rclealps@whitehouse.gov,Female,7349161247,China
930,Adriana,Sapsed,asapsedpt@wikipedia.org,Female,9208830098,Norway
931,Dorelia,Ogelsby,dogelsbypu@yellowbook.com,Female,3046840427,Portugal
932,Erick,Leavens,eleavenspv@51.la,Male,5346304018,Portugal
933,Murielle,Kullmann,mkullmannpw@studiopress.com,Female,9174691137,Brazil
934,Dierdre,Gwyer,dgwyerpx@chronoengine.com,Female,8999987857,Indonesia
935,Raviv,Tether,rtetherpy@example.com,Male,5332525723,Indonesia
936,Kamila,Atley,katleypz@bigcartel.com,Female,3842774894,Sweden
937,Caroljean,Scotchbourouge,cscotchbourougeq0@mit.edu,Female,4001747207,Philippines
938,Honoria,Soutar,hsoutarq1@webeden.co.uk,Female,7069838479,Nigeria
939,Donni,Ollis,dollisq2@networkadvertising.org,Female,4803703004,Mexico
940,Aurelie,Tuison,atuisonq3@shutterfly.com,Female,2277701673,China
941,Rockwell,Spencelayh,rspencelayhq4@adobe.com,Male,9654024189,Portugal
942,Gayler,Puxley,gpuxleyq5@wikispaces.com,Male,1956861833,Philippines
943,Egan,Sellor,esellorq6@google.com,Male,1126895014,Spain
944,Nicolina,Farrall,nfarrallq7@csmonitor.com,Female,8596133099,China
945,Salome,Egdale,segdaleq8@simplemachines.org,Female,5219600337,Pakistan
946,Rosie,Bernaert,rbernaertq9@hp.com,Female,3812162867,France
947,Ferdy,Scott,fscottqa@google.es,Male,6548763853,Japan
948,Lou,Lambell,llambellqb@nbcnews.com,Male,8466193058,Iran
949,Kent,Ecclesall,kecclesallqc@cisco.com,Male,8835759948,Brazil
950,Eldon,Rable,erableqd@youku.com,Male,2574672970,Kazakhstan
951,Kamila,Huie,khuieqe@github.com,Female,1834905265,Russia
952,Benoite,Chittim,bchittimqf@mediafire.com,Female,2857754431,Kyrgyzstan
953,Yoshi,Llorente,yllorenteqg@qq.com,Female,4257233946,Indonesia
954,Carole,Taile,ctaileqh@ucsd.edu,Female,6175128694,Myanmar
955,Gage,Zink,gzinkqi@mtv.com,Male,8846166135,China
956,Luz,Stote,lstoteqj@newyorker.com,Female,9927363423,Serbia
957,Tierney,Braune,tbrauneqk@mediafire.com,Female,7244887507,China
958,Harmony,Hicklingbottom,hhicklingbottomql@cbsnews.com,Female,4791974140,Indonesia
959,Patrizio,Pailin,ppailinqm@dyndns.org,Male,2752445350,Russia
960,Haywood,Baddiley,hbaddileyqn@booking.com,Male,8898735134,China
961,Genovera,Normavill,gnormavillqo@usatoday.com,Female,4121697777,Japan
962,Randy,Yon,ryonqp@symantec.com,Male,1884106148,Russia
963,Leighton,Squibbes,lsquibbesqq@yellowpages.com,Male,6121058794,Portugal
964,Benedick,Schutter,bschutterqr@biglobe.ne.jp,Male,2359267084,Russia
965,Alverta,Tapenden,atapendenqs@apple.com,Female,1577779455,China
966,Alleyn,Poynter,apoynterqt@indiegogo.com,Male,6556267851,Venezuela
967,Cass,Salvatore,csalvatorequ@jimdo.com,Female,1176053038,Morocco
968,Rafaello,Boxell,rboxellqv@lulu.com,Male,4924121612,Kazakhstan
969,Alfie,Poundsford,apoundsfordqw@springer.com,Male,1998179759,Azerbaijan
970,Lennard,Chettle,lchettleqx@networksolutions.com,Male,7743772916,China
971,Vladimir,Mound,vmoundqy@ed.gov,Male,9707272201,Russia
972,Cordula,Rowaszkiewicz,crowaszkiewiczqz@senate.gov,Female,1318046261,Portugal
973,Newton,Renneke,nrenneker0@kickstarter.com,Male,1521297078,Indonesia
974,Germaine,Birdfield,gbirdfieldr1@ucsd.edu,Female,5373802015,Albania
975,Bea,Seward,bsewardr2@google.es,Female,1249955672,Brazil
976,Jessa,Munford,jmunfordr3@squarespace.com,Female,8653868787,Philippines
977,Virgilio,Somes,vsomesr4@exblog.jp,Male,4067914118,China
978,Emmeline,Yackiminie,eyackiminier5@mozilla.com,Female,4534127826,Norway
979,Jolee,Ghelardoni,jghelardonir6@timesonline.co.uk,Female,5242631603,Brazil
980,Abigale,Redgrave,aredgraver7@typepad.com,Female,8412802308,China
981,Teresina,Hannaby,thannabyr8@nbcnews.com,Female,5185390648,Russia
982,Freida,Pelchat,fpelchatr9@reuters.com,Female,7409441385,China
983,Robbie,Lawless,rlawlessra@youtube.com,Male,4544461423,Australia
984,Omar,Holtom,oholtomrb@patch.com,Male,4227733447,South Korea
985,Paige,Faulo,pfaulorc@dell.com,Female,7878505483,Uganda
986,Hope,Downgate,hdowngaterd@simplemachines.org,Female,8596756137,Philippines
987,Karel,Dinwoodie,kdinwoodiere@noaa.gov,Male,1277153855,Finland
988,Philip,Barry,pbarryrf@bbb.org,Male,1683179197,Brazil
989,Pippo,Ferrige,pferrigerg@woothemes.com,Male,2352807843,United Kingdom
990,Bryna,Crucitti,bcrucittirh@whitehouse.gov,Female,6539408999,China
991,Emmott,Heine,eheineri@cisco.com,Male,8855739859,Argentina
992,Ali,McGenis,amcgenisrj@irs.gov,Male,5722920572,Armenia
993,Horst,Dovidaitis,hdovidaitisrk@aol.com,Male,7617653973,Canada
994,Ciel,Mettricke,cmettrickerl@oaic.gov.au,Female,3272486864,Indonesia
995,Fidel,Woodham,fwoodhamrm@skyrock.com,Male,6592011496,United Kingdom
996,Neda,Leathart,nleathartrn@1und1.de,Female,4473843476,Macedonia
997,Aubine,Roly,arolyro@pen.io,Female,7501318953,Tanzania
998,Giles,Boobier,gboobierrp@yelp.com,Male,6683998525,Japan
999,Cal,Willimot,cwillimotrq@taobao.com,Female,7779881643,Indonesia
1000,Tiebold,Hardage,thardagerr@wp.com,Male,2114720239,Philippines
